-- phpMyAdmin SQL Dump
-- version 5.2.1
-- https://www.phpmyadmin.net/
--
-- Hôte : localhost:3306
-- Généré le : lun. 19 août 2024 à 08:54
-- Version du serveur : 8.0.30
-- Version de PHP : 8.2.18

--
-- Déchargement des données de la table `castings`
--

INSERT INTO `castings` (`id`, `movie_id`, `person_id`, `role`, `credit_order`, `created_at`, `updated_at`) VALUES
(1, 1, 1, 'Rocky Balboa', 1, NULL, NULL),
(2, 1, 2, 'Adrian Pennino', 2, NULL, NULL),
(3, 1, 3, 'Apollo Creed', 3, NULL, NULL),
(4, 2, 1, 'Rocky Balboa', 1, NULL, NULL),
(5, 2, 3, 'Apollo Creed', 2, NULL, NULL),
(6, 2, 2, 'Adrian Pennino', 3, NULL, NULL),
(7, 3, 4, 'Shrek', 1, NULL, NULL),
(8, 3, 5, 'L Ane', 2, NULL, NULL),
(9, 3, 6, 'Ti-Biscuit', 3, NULL, NULL),
(10, 4, 7, 'Omar Little', 1, NULL, NULL),
(11, 4, 8, 'Jimmy McNulty', 2, NULL, NULL),
(12, 4, 9, 'Cedric Daniels', 3, NULL, NULL),
(13, 5, 10, 'Onze', 1, NULL, NULL),
(14, 5, 11, 'Will Byers', 2, NULL, NULL),
(15, 5, 12, 'Mike Wheeler', 3, NULL, NULL),
(16, 6, 13, 'Lambert', 3, NULL, NULL),
(17, 6, 14, 'Ellen Ripley', 1, NULL, NULL),
(18, 6, 15, 'Dallas', 2, NULL, NULL),
(19, 7, 16, 'T-800', 3, NULL, NULL),
(20, 7, 17, 'Sarah Connor', 2, NULL, NULL),
(21, 7, 18, 'John Connor', 1, NULL, NULL),
(22, 8, 16, 'Dutch', 1, NULL, NULL),
(23, 8, 19, 'Billy Sole', 3, NULL, NULL),
(24, 8, 3, 'George Dillon', 2, NULL, NULL),
(25, 9, 20, 'Luke Skywalker', 1, NULL, NULL),
(26, 9, 21, 'Han Solo', 2, NULL, NULL),
(27, 9, 22, 'Leia Organa', 3, NULL, NULL),
(28, 10, 23, 'Le Mandalorian', 1, NULL, NULL),
(29, 10, 3, 'Greef Karga', 3, NULL, NULL),
(30, 10, 24, 'Cara Dune', 2, NULL, NULL),
(31, 11, 25, 'Jon Snow', 2, NULL, NULL),
(32, 11, 26, 'Sansa Stark', 3, NULL, NULL),
(33, 11, 27, 'Daenerys Targaryen', 1, NULL, NULL),
(34, 12, 28, 'Officer Anne Lewis', 2, NULL, NULL),
(35, 12, 29, 'Dick Jones', 3, NULL, NULL),
(36, 12, 30, 'Robocop', 1, NULL, NULL),
(37, 13, 1, 'John Rambo', 1, NULL, NULL),
(38, 13, 31, 'Shérif Will Teasle', 3, NULL, NULL),
(39, 13, 32, 'Samuel Trautman', 2, NULL, NULL),
(40, 14, 33, 'Vegeta', 2, NULL, NULL),
(41, 14, 34, 'Son Goku', 1, NULL, NULL),
(42, 14, 35, 'Broly', 3, NULL, NULL),
(43, 15, 36, 'James Bond', 1, NULL, NULL),
(44, 15, 37, 'M', 3, NULL, NULL),
(45, 15, 38, 'Silva', 2, NULL, NULL),
(46, 16, 39, 'Blondie', 1, NULL, NULL),
(47, 16, 40, 'Tuco', 2, NULL, NULL),
(48, 16, 41, 'Sentenza', 3, NULL, NULL),
(50, 17, 42, 'Marvin', 3, NULL, NULL),
(51, 17, 43, 'Kevin', 1, NULL, NULL),
(52, 17, 44, 'Harry', 2, NULL, NULL),
(53, 18, 45, 'Popeye', 1, NULL, NULL),
(54, 18, 46, 'Gigi', 2, NULL, NULL),
(55, 18, 47, 'Jean-Claude Dusse', 3, NULL, NULL),
(56, 19, 48, 'Forrest Gump', 1, NULL, NULL),
(57, 19, 49, 'Jenny Curran', 2, NULL, NULL),
(58, 19, 50, 'Dan Taylor', 3, NULL, NULL),
(59, 20, 51, 'Narrateur', 1, NULL, NULL),
(60, 21, 52, 'Dr. Ellie Sattler', 2, NULL, NULL),
(61, 21, 53, 'Dr. Ian Malcolm', 3, NULL, NULL),
(62, 21, 54, 'Dr. Allan Grant', 1, NULL, NULL),
(63, 22, 55, 'Capitaine Steven \'Eagle\' Hiller', 1, NULL, NULL),
(64, 22, 56, 'President Thomas J. Whitmore', 2, NULL, NULL),
(65, 22, 53, 'David Levinson', 3, NULL, NULL),
(66, 23, 57, ' Jim Rhodes', 2, NULL, NULL),
(67, 23, 58, 'Virginia \'Pepper\' Potts', 3, NULL, NULL),
(68, 23, 59, 'Tony Stark / Iron Man', 1, NULL, NULL),
(69, 24, 60, 'Imperator Furiosa', 2, NULL, NULL),
(70, 24, 61, 'Max Rockatansky', 1, NULL, NULL),
(71, 24, 62, 'Toast', 3, NULL, NULL),
(72, 25, 63, 'Caesar', 1, NULL, NULL),
(73, 25, 64, 'Will Rodman', 2, NULL, NULL),
(74, 25, 65, 'Caroline', 3, NULL, NULL),
(75, 26, 66, 'Hans Gruber', 2, NULL, NULL),
(76, 26, 67, 'Karl Vreski', 3, NULL, NULL),
(77, 26, 68, 'John MCClane', 1, NULL, NULL),
(78, 27, 68, 'Bill Capa', 1, NULL, NULL),
(79, 27, 69, 'Rose/Richie/Bonnie', 2, NULL, NULL),
(80, 27, 70, 'Sondra', 3, NULL, NULL),
(81, 28, 71, 'Eddy Caplan', 1, NULL, NULL),
(82, 28, 72, 'Walter Morilghem', 2, NULL, NULL),
(83, 28, 73, 'Roxane Delgado', 3, NULL, NULL);

-- --------------------------------------------------------

--
-- Déchargement des données de la table `genres`
--

INSERT INTO `genres` (`id`, `name`, `created_at`, `updated_at`) VALUES
(1, 'Drame', NULL, NULL),
(2, 'Thriller', NULL, NULL),
(3, 'Fantastique', NULL, NULL),
(4, 'Animation', NULL, NULL),
(5, 'Action', NULL, NULL),
(6, 'Science Fiction', NULL, NULL),
(7, 'Aventure', NULL, NULL),
(8, 'Comédie', NULL, NULL),
(9, 'Dessin animé', NULL, NULL),
(10, 'Documentaire', NULL, NULL),
(11, 'Espionnage', NULL, NULL),
(12, 'Famille', NULL, NULL),
(13, 'Historique', NULL, NULL),
(14, 'Policier', NULL, NULL),
(15, 'Romance', NULL, NULL),
(16, 'Western', NULL, NULL);

-- --------------------------------------------------------

--
-- Déchargement des données de la table `movies`
--

INSERT INTO `movies` (`id`, `title`, `slug`, `release_date`, `duration`, `type`, `summary`, `synopsis`, `poster`, `rating`, `created_at`, `updated_at`) VALUES
(1, 'Rocky', 'rocky', '1977-03-25', 119, 'Film', 'Dans les quartiers populaires de Philadelphie, Rocky Balboa dispute de temps à autre, pour quelques dizaines de dollars, des combats de boxe sous l\'appellation de \"l\'étalon italien\".', 'Dans les quartiers populaires de Philadelphie, Rocky Balboa dispute de temps à autre, pour quelques dizaines de dollars, des combats de boxe sous l\'appellation de \"l\'étalon italien\". Cependant, Mickey, son vieil entraîneur, le laisse tomber. Pendant ce temps, Apollo Creed, le champion du monde de boxe catégorie poids lourd, recherche un nouvel adversaire pour remettre son titre en jeu. Son choix se portera sur Rocky.', 'https://fr.web.img4.acsta.net/c_310_420/pictures/21/11/16/15/01/4363069.jpg', 4, NULL, NULL),
(2, 'Rocky II', 'rocky-ii', '1980-02-06', 130, 'Film', 'Après que le boxeur Rocky Balboa ait tenu la distance avec le champion du monde des poids lourds Apollo Creed, les fans de boxe réclament une revanche.', 'Après que le boxeur Rocky Balboa ait tenu la distance avec le champion du monde des poids lourds Apollo Creed, les fans de boxe réclament une revanche. Mais Rocky, ayant subi de graves blessures, annonce sa retraite. Bien qu\'il tente de refaire sa vie, Rocky réalise qu\'il ne peut échapper à sa véritable vocation. Le ring l\'appelle à nouveau, et \"l\'étalon italien\" doit se préparer pour le combat de sa vie.', 'https://fr.web.img3.acsta.net/c_310_420/pictures/14/08/25/16/12/331381.jpg', 3, NULL, NULL),
(3, 'Shrek', 'shrek', '2001-07-04', 101, 'Film', 'Shrek, un ogre verdâtre, cynique et malicieux, a élu domicile dans un marécage qu\'il croit être un havre de paix.', 'Shrek, un ogre verdâtre, cynique et malicieux, a élu domicile dans un marécage qu\'il croit être un havre de paix. Un matin, alors qu\'il sort faire sa toilette, il découvre de petites créatures agaçantes qui errent dans son marais. Shrek se rend alors au château du seigneur Lord Farquaad, qui aurait soit-disant expulsé ces êtres de son royaume. Ce dernier souhaite épouser la princesse Fiona, mais celle-ci est retenue prisonnière par un abominable dragon. Il lui faut un chevalier assez brave pour secourir la belle. Shrek accepte d\'accomplir cette mission. En échange, le seigneur devra débarrasser son marécage de ces créatures envahissantes. Or, la princesse Fiona cache un secret terrifiant qui va entraîner Shrek et son compagnon l\'âne dans une palpitante et périlleuse aventure.', 'https://fr.web.img6.acsta.net/c_310_420/medias/nmedia/00/00/00/66/69199338_af.jpg', 3, NULL, NULL),
(4, 'The Wire', 'the-wire', '2002-06-02', 50, 'Série', 'Quand la police s\'efforce de démanteler un réseau tentaculaire de trafic de drogue et du crime à Baltimore.', 'Quand la police s\'efforce de démanteler un réseau tentaculaire de trafic de drogue et du crime à Baltimore.', 'https://fr.web.img3.acsta.net/pictures/23/01/06/14/39/5304402.jpg', 5, NULL, NULL),
(5, 'Stranger Things', 'stranger-things', '2016-07-15', 50, 'Série', '1983, à Hawkins dans l\'Indiana. Après la disparition d\'un garçon de 12 ans dans des circonstances mystérieuses, la petite ville du Midwest est témoin d\'étranges phénomènes.', 'A Hawkins, en 1983 dans l\'Indiana. Lorsque Will Byers disparaît de son domicile, ses amis se lancent dans une recherche semée d’embûches pour le retrouver. Dans leur quête de réponses, les garçons rencontrent une étrange jeune fille en fuite. Les garçons se lient d\'amitié avec la demoiselle tatouée du chiffre \"11\" sur son poignet et au crâne rasé et découvrent petit à petit les détails sur son inquiétante situation. Elle est peut-être la clé de tous les mystères qui se cachent dans cette petite ville en apparence tranquille…', 'https://fr.web.img4.acsta.net/pictures/22/05/18/14/31/5186184.jpg', 4, NULL, NULL),
(6, 'Alien, le huitième passager', 'alien-le-huitieme-passager', '1979-09-12', 116, 'Film', 'Le vaisseau commercial Nostromo et son équipage, sept hommes et femmes, rentrent sur Terre avec une importante cargaison de minerai.', 'Le vaisseau commercial Nostromo et son équipage, sept hommes et femmes, rentrent sur Terre avec une importante cargaison de minerai. Mais lors d\'un arrêt forcé sur une planète déserte, l\'officier Kane se fait agresser par une forme de vie inconnue, une arachnide qui étouffe son visage. Après que le docteur de bord lui retire le spécimen, l\'équipage retrouve le sourire et dîne ensemble. Jusqu\'à ce que Kane, pris de convulsions, voit son abdomen perforé par un corps étranger vivant, qui s\'échappe dans les couloirs du vaisseau...', 'https://images.photowall.com/products/59754/alien.jpg?h=699&q=85', 4, NULL, NULL),
(7, 'Terminator 2 : Le Jugement dernier', 'terminator-2-le-jugement-dernier', '1991-10-16', 137, 'Film', 'En 1997, les survivants de l\'apocalypse nucléaire poursuivent une guerre sans merci contre les robots et machines qu\'ils ont eux-même créés.', 'En 1997, les survivants de l\'apocalypse nucléaire poursuivent une guerre sans merci contre les robots et machines qu\'ils ont eux-même créés. Pour en finir avec John Connor qui dirige la résistance des hommes, deux \"cyborgs\" sont envoyés dans le passé. Leur mission : abattre Connor enfant. Le premier modèle de la série \"Terminator\" a échoué en 1984. Le second, modèle plus performant en liquide métamorphosable, se lance à la poursuite de l\'enfant et de sa mère, Sarah, dans les années quatre-vingt-dix. De leur côté, les hommes du futur ont envoyé dans le passé un Terminator chargé de protéger le jeune Connor. Le duel des robots va prendre alors des allures titanesques. Et, tandis que l\'enfant enseignera à ce Terminator des rudiments d\'humanité, sa mère tentera par tous les moyens d\'empêcher la création des premières machines intelligentes. Avec l\'aide du Terminator qu\'ils ont éduqué, ils combattront pour influencer le futur...', 'https://static.posters.cz/image/750/affiches-et-posters/terminator-2-one-sheet-i23297.jpg', 4, NULL, NULL),
(8, 'Predator', 'predator', '1987-08-19', 107, 'Film', 'Le commando de forces spéciales mené par le major Dutch Schaeffer est engagé par la CIA pour sauver les survivants d’un crash d’hélicoptère au cœur d’une jungle d’Amérique Centrale.', 'Le commando de forces spéciales mené par le major Dutch Schaeffer est engagé par la CIA pour sauver les survivants d’un crash d’hélicoptère au cœur d’une jungle d’Amérique Centrale. Sur place, Dutch et son équipe ne tardent pas à découvrir qu’ils sont pris en chasse par une mystérieuse créature invisible qui commence à les éliminer un par un. La traque commence.', 'https://images.affiches-et-posters.com//albums/3/7192/medium/affiche-film-predator-4244.jpg', 4, NULL, NULL),
(9, 'Star Wars, episode IV', 'star-wars-episode-iv', '1977-10-19', 121, 'Film', 'Il y a bien longtemps, dans une galaxie très lointaine... La guerre civile fait rage entre l\'Empire galactique et l\'Alliance rebelle.', 'Il y a bien longtemps, dans une galaxie très lointaine... La guerre civile fait rage entre l\'Empire galactique et l\'Alliance rebelle. Capturée par les troupes de choc de l\'Empereur menées par le sombre et impitoyable Dark Vador, la princesse Leia Organa dissimule les plans de l\'Etoile Noire, une station spatiale invulnérable, à son droïde R2-D2 avec pour mission de les remettre au Jedi Obi-Wan Kenobi. Accompagné de son fidèle compagnon, le droïde de protocole C-3PO, R2-D2 s\'échoue sur la planète Tatooine et termine sa quête chez le jeune Luke Skywalker. Rêvant de devenir pilote mais confiné aux travaux de la ferme, ce dernier se lance à la recherche de ce mystérieux Obi-Wan Kenobi, devenu ermite au coeur des montagnes désertiques de Tatooine...', 'https://static.posters.cz/image/1300/affiches-et-posters/star-wars-episode-iv-un-nouvel-espoir-i90218.jpg', 5, NULL, NULL),
(10, 'The Mandalorian', 'the-mandalorian', '2019-11-12', 45, 'Série', 'Après les aventures de Jango et Boba Fett, un nouveau héros émerge dans l\'univers Star Wars.', 'Après les aventures de Jango et Boba Fett, un nouveau héros émerge dans l\'univers Star Wars. L\'intrigue, située entre la chute de l\'Empire et l\'émergence du Premier Ordre, suit les voyages d\'un chasseur de primes solitaire dans les contrées les plus éloignées de la Galaxie, loin de l’autorité de la Nouvelle République.', 'https://static.posters.cz/image/750/affiches-et-posters/star-wars-the-mandalorian-nightfall-i103406.jpg', 4, NULL, NULL),
(11, 'Game Of Thrones', 'game-of-thrones', '2011-04-17', 50, 'Série', 'Il y a très longtemps, à une époque oubliée, une force a détruit l\'équilibre des saisons.', 'Il y a très longtemps, à une époque oubliée, une force a détruit l\'équilibre des saisons. Dans un pays où l\'été peut durer plusieurs années et l\'hiver toute une vie, des forces sinistres et surnaturelles se pressent aux portes du Royaume des Sept Couronnes. La confrérie de la Garde de Nuit, protégeant le Royaume de toute créature pouvant provenir d\'au-delà du Mur protecteur, n\'a plus les ressources nécessaires pour assurer la sécurité de tous. Après un été de dix années, un hiver rigoureux s\'abat sur le Royaume avec la promesse d\'un avenir des plus sombres. Pendant ce temps, complots et rivalités se jouent sur le continent pour s\'emparer du Trône de Fer, le symbole du pouvoir absolu.', 'https://fr.web.img3.acsta.net/c_310_420/pictures/23/01/03/14/13/0717778.jpg', 5, NULL, NULL),
(12, 'Robocop', 'robocop', '1988-01-20', 102, 'Film', 'Détroit, dans le futur. Le problème de la délinquance se pose de façon permanente.', 'Détroit, dans le futur. Le problème de la délinquance se pose de façon permanente. D\'un côté, Jones a mis au point une machine guerrière très sophistiquée, ED 209. De l\'autre, Leon, un arriviste, a conçu Robocop, mi-homme, mi-robot. C\'est lui qui l\'emporte et Murphy, un jeune policier assassiné par des bandits, est utilisé pour donner forme et vie au Robocop. Il devient un tueur professionnel au service de la ville... En 1990, Irvin Kershner a réalisé \"Robocop II\" toujours avec Peter Weller, puis, en 1992, Fred Dekker a signé \"Robocop III\", cette fois avec Robert Burke dans le rôle-titre.', 'https://static.posters.cz/image/750/affiches-et-posters/robocop-1987-one-sheet-i16501.jpg', 4, NULL, NULL),
(13, 'Rambo', 'rambo', '1983-03-02', 93, 'Film', 'John Rambo, ancien combattant du Viêt-nam où il a gagné plusieurs médailles, est arrêté dans une petite ville pour vagabondage.', 'John Rambo, ancien combattant du Viêt-nam où il a gagné plusieurs médailles, est arrêté dans une petite ville pour vagabondage.Maltraité, il décide de fuir. La chasse à l’homme commence…', 'https://static.posters.cz/image/750/affiches-et-posters/rambo-first-blood-i3550.jpg', 4, NULL, NULL),
(14, 'Dragon Ball Super : Broly', 'dragon-ball-super-broly', '2018-12-14', 100, 'Film', 'Les nouvelles aventures de nos héros Son Goku et Vegeta.', 'Goku et Vegeta font face à un nouvel ennemi, le Super Saïyen Légendaire Broly, dans un combat explosif pour sauver notre planète.', 'https://www.kamehashop.fr/29527-large_default/affiche-dragon-super-broly.jpg', 4, NULL, NULL),
(15, 'Skyfall', 'skyfall', '2012-10-26', 143, 'Film', 'Lorsque la dernière mission de Bond tourne mal, plusieurs agents infiltrés se retrouvent exposés dans le monde entier.', 'Lorsque la dernière mission de Bond tourne mal, plusieurs agents infiltrés se retrouvent exposés dans le monde entier. Le MI6 est attaqué, et M est obligée de relocaliser l’Agence. Ces événements ébranlent son autorité, et elle est remise en cause par Mallory, le nouveau président de l’ISC, le comité chargé du renseignement et de la sécurité. Le MI6 est à présent sous le coup d’une double menace, intérieure et extérieure. Il ne reste à M qu’un seul allié de confiance vers qui se tourner : Bond. Plus que jamais, 007 va devoir agir dans l’ombre. Avec l’aide d’Eve, un agent de terrain, il se lance sur la piste du mystérieux Silva, dont il doit identifier coûte que coûte l’objectif secret et mortel…', 'https://m.media-amazon.com/images/I/717565YxQ4L.jpg', 4, NULL, NULL),
(16, 'Le bon, la brute et le truand', 'le-bon-la-brute-et-le-truand', '1968-03-08', 180, 'Film', 'Pendant la Guerre de Sécession, trois hommes, préférant s\'intéresser à leur profit personnel, se lancent à la recherche d\'un coffre contenant 200 000 dollars en pièces d\'or volés à l\'armée sudiste.', 'Pendant la Guerre de Sécession, trois hommes, préférant s\'intéresser à leur profit personnel, se lancent à la recherche d\'un coffre contenant 200 000 dollars en pièces d\'or volés à l\'armée sudiste. Tuco sait que le trésor se trouve dans un cimetière, tandis que Joe connaît le nom inscrit sur la pierre tombale qui sert de cache. Chacun a besoin de l\'autre. Mais un troisième homme entre dans la course : Setenza, une brute qui n\'hésite pas à massacrer femmes et enfants pour parvenir à ses fins.', 'https://fr.web.img6.acsta.net/c_310_420/pictures/14/09/23/10/28/237103.jpg', 5, NULL, NULL),
(17, 'Maman j\'ai raté l\'avion', 'maman-j-ai-rate-l-avion', '1990-12-19', 103, 'Film', 'La famille McCallister a decidé de passer les fêtes de Noel à Paris.', 'La famille McCallister a decidé de passer les fêtes de Noel à Paris. Seulement Kate et Peter McCallister s\'aperçoivent dans l\'avion qu\'il leur manque le plus jeune de leurs enfants, Kevin, âgé de 9 ans. D\'abord désespéré, Kevin reprend vite les choses en main et s\'organise pour vivre le mieux possible. Quand deux cambrioleurs choisissent sa maison pour commettre leurs méfaits.', 'https://fr.web.img3.acsta.net/c_310_420/pictures/17/11/15/15/14/4627669.jpg', 4, NULL, NULL),
(18, 'Les bronzés font du ski', 'les-bronzes-font-du-ski', '1979-11-22', 90, 'Film', 'Après le Club méditerranée, la joyeuse troupe d\'amis (plus connu sous le nom Des Bronzés) se retrouvent aux sports d\'hiver.', 'Après le Club méditerranée, la joyeuse troupe d\'amis (plus connu sous le nom Des Bronzés) se retrouvent aux sports d\'hiver. Ils vivront encore d\'autres problèmes sentimentaux, et mésaventures. L\'équipe ira même se perdre en montagne.', 'https://fr.web.img6.acsta.net/c_310_420/pictures/17/01/17/16/24/593647.jpg', 4, NULL, NULL),
(19, 'Forrest Gump', 'forrest-gump', '1994-10-05', 140, 'Film', 'Quelques décennies d\'histoire américaine, des années 1940 à la fin du XXème siècle, à travers le regard et l\'étrange odyssée d\'un homme simple et pur, Forrest Gump.', 'Quelques décennies d\'histoire américaine, des années 1940 à la fin du XXème siècle, à travers le regard et l\'étrange odyssée d\'un homme simple et pur, Forrest Gump.', 'https://fr.web.img2.acsta.net/c_310_420/pictures/15/10/13/15/12/514297.jpg', 5, NULL, NULL),
(20, 'Microcosmos, le peuple de l\'herbe', 'microcosmos-le-peuple-de-l-herbe', '1996-11-20', 80, 'Film', 'Voyage sur terre à l\'echelle du centimètre.', 'Voyage sur terre à l\'echelle du centimètre. Ses habitants: insectes et autres animaux de l\'herbe et de l\'eau. Grand prix de la commission supérieure technique, Festival de Cannes 1996.', 'https://fr.web.img3.acsta.net/c_310_420/medias/nmedia/18/70/18/27/19090499.jpg', 3, NULL, NULL),
(21, 'Jurassic Park', 'jurassic-park', '1993-10-20', 122, 'Film', 'Ne pas réveiller le chat qui dort... C\'est ce que le milliardaire John Hammond aurait dû se rappeler avant de se lancer dans le \"clonage\" de dinosaures.', 'Ne pas réveiller le chat qui dort... C\'est ce que le milliardaire John Hammond aurait dû se rappeler avant de se lancer dans le \"clonage\" de dinosaures. C\'est à partir d\'une goutte de sang absorbée par un moustique fossilisé que John Hammond et son équipe ont réussi à faire renaître une dizaine d\'espèces de dinosaures. Il s\'apprête maintenant avec la complicité du docteur Alan Grant, paléontologue de renom, et de son amie Ellie, à ouvrir le plus grand parc à thème du monde. Mais c\'était sans compter la cupidité et la malveillance de l\'informaticien Dennis Nedry, et éventuellement des dinosaures, seuls maîtres sur l\'île...', 'https://fr.web.img2.acsta.net/c_310_420/pictures/20/07/21/16/53/1319265.jpg', 4, NULL, NULL),
(22, 'Independance Day', 'independance-day', '1996-10-02', 145, 'Film', 'Une immense soucoupe volante envahit le ciel terrestre, libérant un nombre infini de plus petites soucoupes qui prennent position au-dessus des plus grandes villes du monde.', 'Une immense soucoupe volante envahit le ciel terrestre, libérant un nombre infini de plus petites soucoupes qui prennent position au-dessus des plus grandes villes du monde. Un informaticien new-yorkais décrypte les signaux émanant des étranges voyageurs. Ils ne sont pas du tout amicaux et ces extraterrestres se préparent à attaquer la Terre.', 'https://fr.web.img3.acsta.net/c_310_420/medias/nmedia/18/73/27/10/19196653.jpg', 3, NULL, NULL),
(23, 'Iron Man', 'iron-man', '2008-04-30', 126, 'Film', 'Tony Stark, inventeur de génie, vendeur d\'armes et playboy milliardaire, est kidnappé en Aghanistan.', 'Tony Stark, inventeur de génie, vendeur d\'armes et playboy milliardaire, est kidnappé en Aghanistan. Forcé par ses ravisseurs de fabriquer une arme redoutable, il construit en secret une armure high-tech révolutionnaire qu\'il utilise pour s\'échapper. Comprenant la puissance de cette armure, il décide de l\'améliorer et de l\'utiliser pour faire régner la justice et protéger les innocents.', 'https://fr.web.img6.acsta.net/c_310_420/medias/nmedia/18/62/89/45/18876909.jpg', 4, NULL, NULL),
(24, 'Mad Max : Fury Road', 'mad-max-fury-road', '2015-05-14', 120, 'Film', 'Hanté par un lourd passé, Mad Max estime que le meilleur moyen de survivre est de rester seul.', 'Hanté par un lourd passé, Mad Max estime que le meilleur moyen de survivre est de rester seul. Cependant, il se retrouve embarqué par une bande qui parcourt la Désolation à bord d\'un véhicule militaire piloté par l\'Imperator Furiosa. Ils fuient la Citadelle où sévit le terrible Immortan Joe qui s\'est fait voler un objet irremplaçable. Enragé, ce Seigneur de guerre envoie ses hommes pour traquer les rebelles impitoyablement…', 'https://fr.web.img6.acsta.net/c_310_420/pictures/15/04/14/18/30/215297.jpg', 4, NULL, NULL),
(25, 'La planète des singes : Les Origines', 'la-planete-des-singes-les-origines', '2011-08-10', 110, 'Film', 'Dans un laboratoire, des scientifiques expérimentent un traitement sur des singes pour vaincre la maladie d’Alzheimer. ', 'Dans un laboratoire, des scientifiques expérimentent un traitement sur des singes pour vaincre la maladie d’Alzheimer. Mais leurs essais ont des effets secondaires inattendus : ils découvrent que la substance utilisée permet d’augmenter radicalement l’activité cérébrale de leurs sujets. César, est alors le premier jeune chimpanzé faisant preuve d’une intelligence remarquable. Mais trahi par les humains qui l’entourent et en qui il avait confiance, il va mener le soulèvement de toute son espèce contre l’Homme dans un combat spectaculaire.', 'https://fr.web.img5.acsta.net/c_310_420/medias/nmedia/18/84/60/29/19765980.jpg', 4, NULL, NULL),
(26, 'Die Hard : Piège de cristal', 'die-hard-piege-de-cristal', '1988-09-21', 132, 'Film', 'John McClane, policier new-yorkais, est venu rejoindre sa femme Holly, dont il est séparé depuis plusieurs mois, pour les fêtes de Noël dans le secret espoir d\'une réconciliation.', 'John McClane, policier new-yorkais, est venu rejoindre sa femme Holly, dont il est séparé depuis plusieurs mois, pour les fêtes de Noël dans le secret espoir d\'une réconciliation. Celle-ci est cadre dans une multinationale japonaise, la Nakatomi Corporation. Son patron, M. Takagi, donne une soirée en l\'honneur de ses employés, à laquelle assiste McClane. Tandis qu\'il s\'isole pour téléphoner, un commando investit l\'immeuble et coupe toutes les communications avec l\'extérieur...', 'https://fr.web.img6.acsta.net/c_310_420/pictures/14/08/14/12/00/419467.jpg', 4, NULL, NULL),
(27, 'Color Of Night', 'color-of-night', '1994-09-28', 122, 'Film', 'Le psychanalyste Bill Capa vient se reposer chez son ami et collègue Bob Moore.', 'Le psychanalyste Bill Capa vient se reposer chez son ami et collègue Bob Moore. Ce dernier l\'intègre à l\'un de ses groupes de travail avant de lui apprendre qu\'il a recu des menaces de mort. Quelques jours plus tard, il est sauvagement assassiné. Bill décide de prendre les fonctions de son ami, de manière à démasquer l\'assassin, certainement parmi ses clients.', 'https://fr.web.img5.acsta.net/c_310_420/medias/nmedia/18/71/22/46/19127398.jpg', 2, NULL, NULL),
(28, 'Braquo', 'braquo', '2009-10-12', 50, 'Série', 'Suite à la condamnation injuste et au suicide de leur chef de groupe, trois flics de la PJ ont la tentation de franchir la ligne rouge.', 'Suite à la condamnation injuste et au suicide de leur chef de groupe, trois flics de la PJ ont la tentation de franchir la ligne rouge. Faisant ainsi front à la machine administrative qui, par son inertie et son indifférence, a conduit leur ami jusqu\'à la mort. Harcelés par l\'IGS, ils tournent définitivement le dos aux règles établies et à leurs illusions ; ces trois flics adoptent un mode de vie hors norme régi par l\'adrénaline, la prise de risque, les coups bas, l\'argent, le sang et la mort... Chaque pas supplémentaire fait sur le territoire des voyous rend plus difficile le retour en arrière.', 'https://www.dvdfr.com/images/dvd/covers/200x280/f98e7d9589725f162b1068da5dc1b9cb/44377/old-braquo_saison_1.0.jpg', 4, NULL, NULL);

-- --------------------------------------------------------

--
-- Déchargement des données de la table `movie_genre`
--

INSERT INTO `movie_genre` (`id`, `movie_id`, `genre_id`, `created_at`, `updated_at`) VALUES
(1, 1, 1, NULL, NULL),
(2, 1, 5, NULL, NULL),
(3, 2, 1, NULL, NULL),
(4, 2, 5, NULL, NULL),
(5, 3, 3, NULL, NULL),
(6, 3, 4, NULL, NULL),
(7, 3, 8, NULL, NULL),
(8, 3, 12, NULL, NULL),
(9, 4, 1, NULL, NULL),
(10, 4, 2, NULL, NULL),
(11, 4, 14, NULL, NULL),
(12, 5, 1, NULL, NULL),
(13, 5, 2, NULL, NULL),
(14, 5, 3, NULL, NULL),
(15, 5, 6, NULL, NULL),
(16, 6, 3, NULL, NULL),
(17, 6, 6, NULL, NULL),
(18, 7, 5, NULL, NULL),
(19, 7, 6, NULL, NULL),
(20, 8, 5, NULL, NULL),
(21, 8, 6, NULL, NULL),
(22, 9, 6, NULL, NULL),
(23, 9, 7, NULL, NULL),
(24, 10, 6, NULL, NULL),
(25, 10, 7, NULL, NULL),
(26, 11, 1, NULL, NULL),
(27, 11, 3, NULL, NULL),
(28, 12, 5, NULL, NULL),
(29, 12, 6, NULL, NULL),
(30, 12, 14, NULL, NULL),
(31, 13, 1, NULL, NULL),
(32, 13, 5, NULL, NULL),
(33, 14, 4, NULL, NULL),
(34, 14, 5, NULL, NULL),
(35, 14, 7, NULL, NULL),
(36, 14, 9, NULL, NULL),
(37, 15, 2, NULL, NULL),
(38, 15, 5, NULL, NULL),
(39, 15, 14, NULL, NULL),
(40, 16, 16, NULL, NULL),
(41, 17, 7, NULL, NULL),
(42, 17, 8, NULL, NULL),
(43, 17, 12, NULL, NULL),
(44, 18, 8, NULL, NULL),
(45, 19, 1, NULL, NULL),
(46, 19, 8, NULL, NULL),
(47, 19, 15, NULL, NULL),
(48, 20, 10, NULL, NULL),
(49, 21, 6, NULL, NULL),
(50, 21, 7, NULL, NULL),
(51, 22, 2, NULL, NULL),
(52, 22, 5, NULL, NULL),
(53, 22, 6, NULL, NULL),
(54, 23, 5, NULL, NULL),
(55, 23, 6, NULL, NULL),
(56, 24, 5, NULL, NULL),
(57, 24, 6, NULL, NULL),
(58, 25, 5, NULL, NULL),
(59, 25, 6, NULL, NULL),
(60, 25, 7, NULL, NULL),
(61, 26, 5, NULL, NULL),
(62, 27, 1, NULL, NULL),
(63, 27, 2, NULL, NULL),
(64, 27, 14, NULL, NULL),
(65, 28, 2, NULL, NULL),
(66, 28, 14, NULL, NULL);

-- --------------------------------------------------------

--
-- Déchargement des données de la table `persons`
--

INSERT INTO `persons` (`id`, `firstname`, `lastname`, `birth_date`, `created_at`, `updated_at`) VALUES
(1, 'Sylvester', 'Stallone', '1946-07-06', NULL, NULL),
(2, 'Talia', 'Shire', '1946-04-25', NULL, NULL),
(3, 'Carl', 'Weathers', '1948-01-14', NULL, NULL),
(4, 'Mike', 'Myers', '1963-05-25', NULL, NULL),
(5, 'Eddie', 'Murphy', '1961-04-03', NULL, NULL),
(6, 'Conrad', 'Vernon', '1968-07-11', NULL, NULL),
(7, 'Michael K.', 'Williams', '1966-11-22', NULL, NULL),
(8, 'Dominic', 'West', '1969-10-15', NULL, NULL),
(9, 'Lance', 'Reddick', '1962-12-31', NULL, NULL),
(10, 'Millie', 'Bobby', '2004-02-19', NULL, NULL),
(11, 'Noah', 'Schnapp', '2004-10-03', NULL, NULL),
(12, 'Finn', 'Wolfhard', '2002-12-23', NULL, NULL),
(13, 'Veronica', 'Cartwright', '1949-04-20', NULL, NULL),
(14, 'Sigourney', 'Weaver', '1949-10-08', NULL, NULL),
(15, 'Tom', 'Skerritt', '1933-08-25', NULL, NULL),
(16, 'Arnold', 'Schwarzenegger', '1947-07-30', NULL, NULL),
(17, 'Linda', 'Hamilton', '1956-09-26', NULL, NULL),
(18, 'Edward', 'Furlong', '1977-08-02', NULL, NULL),
(19, 'Kevin', 'Peter Hall', '1955-05-09', NULL, NULL),
(20, 'Mark', 'Hamill', '1951-09-25', NULL, NULL),
(21, 'Harrison', 'Ford', '1942-07-13', NULL, NULL),
(22, 'Carrie', 'Fisher', '1956-10-21', NULL, NULL),
(23, 'Pedro', 'Pascal', '1975-04-02', NULL, NULL),
(24, 'Gina', 'Carano', '1982-04-16', NULL, NULL),
(25, 'Kit', 'Harington', '1986-12-26', NULL, NULL),
(26, 'Sophie', 'Turner', '1996-02-21', NULL, NULL),
(27, 'Emilia', 'Clarke', '1986-10-23', NULL, NULL),
(28, 'Nancy', 'Allen', '1950-06-24', NULL, NULL),
(29, 'Ronny', 'Cox', '1938-07-23', NULL, NULL),
(30, 'Peter', 'Weller', '1947-06-24', NULL, NULL),
(31, 'Brian', 'Dennehy', '1938-07-09', NULL, NULL),
(32, 'Richard', 'Crenna', '1926-11-30', NULL, NULL),
(33, 'Christopher', 'Sabat', '1973-04-22', NULL, NULL),
(34, 'Masako', 'Nozawa', '1936-10-25', NULL, NULL),
(35, 'Vic', 'Mignogna', '1962-08-27', NULL, NULL),
(36, 'Daniel', 'Craig', '1968-03-02', NULL, NULL),
(37, 'Judi', 'Dench', '1934-12-09', NULL, NULL),
(38, 'Javier', 'Bardem', '1969-03-01', NULL, NULL),
(39, 'Clint', 'Eastwood', '1930-05-31', NULL, NULL),
(40, 'Eli', 'Wallach', '1915-12-07', NULL, NULL),
(41, 'Lee', 'Van Cleef', '1925-01-09', NULL, NULL),
(42, 'Daniel', 'Stern', '1957-08-28', NULL, NULL),
(43, 'Macaulay', 'Culkin', '1980-08-26', NULL, NULL),
(44, 'Joe', 'Pesci', '1943-02-09', NULL, NULL),
(45, 'Thierry', 'Lhermitte', '1952-11-24', NULL, NULL),
(46, 'Marie-Anne', 'Chazel', '1951-09-19', NULL, NULL),
(47, 'Michel', 'Blanc', '1952-04-16', NULL, NULL),
(48, 'Tom', 'Hanks', '1956-07-09', NULL, NULL),
(49, 'Robin', 'Wright', '1966-04-08', NULL, NULL),
(50, 'Gary', 'Sinise', '1955-03-17', NULL, NULL),
(51, 'Jacques', 'Perrin', '1941-07-13', NULL, NULL),
(52, 'Laura', 'Dern', '1967-02-10', NULL, NULL),
(53, 'Jeff', 'Goldblum', '1952-10-22', NULL, NULL),
(54, 'Sam', 'Neill', '1947-09-14', NULL, NULL),
(55, 'Will', 'Smith', '1968-09-25', NULL, NULL),
(56, 'Bill', 'Pullman', '1953-12-17', NULL, NULL),
(57, 'Terrence', 'Howard', '1969-03-11', NULL, NULL),
(58, 'Gwyneth', 'Paltrow', '1972-09-27', NULL, NULL),
(59, 'Robert', 'Downey Jr.', '1965-04-04', NULL, NULL),
(60, 'Charlize', 'Theron', '1975-08-07', NULL, NULL),
(61, 'Tom', 'Hardy', '1977-09-15', NULL, NULL),
(62, 'Zoë', 'Kravitz', '1988-12-01', NULL, NULL),
(63, 'Andy', 'Serkis', '1964-04-20', NULL, NULL),
(64, 'James', 'Franco', '1978-04-19', NULL, NULL),
(65, 'Freida', 'Pinto', '1984-10-18', NULL, NULL),
(66, 'Alan', 'Rickman', '1946-02-21', NULL, NULL),
(67, 'Alexander', 'Godunov', '1949-11-28', NULL, NULL),
(68, 'Bruce', 'Willis', '1955-03-19', NULL, NULL),
(69, 'Jane', 'March', '1973-03-20', NULL, NULL),
(70, 'Lesley Ann', 'Warren', '1946-08-16', NULL, NULL),
(71, 'Jean-Hugues', 'Anglade', '1955-07-29', NULL, NULL),
(72, 'Joseph', 'Malerba', '1962-10-29', NULL, NULL),
(73, 'Karole', 'Rocher', '1974-07-04', NULL, NULL);

-- --------------------------------------------------------

--
-- Déchargement des données de la table `seasons`
--

INSERT INTO `seasons` (`id`, `number`, `episode_count`, `movie_id`, `created_at`, `updated_at`) VALUES
(1, 1, 8, 5, NULL, NULL),
(2, 2, 9, 5, NULL, NULL),
(3, 3, 8, 5, NULL, NULL),
(4, 4, 9, 5, NULL, NULL),
(5, 1, 13, 4, NULL, NULL),
(6, 2, 12, 4, NULL, NULL),
(7, 3, 12, 4, NULL, NULL),
(8, 4, 13, 4, NULL, NULL),
(9, 5, 10, 4, NULL, NULL),
(10, 1, 8, 10, NULL, NULL),
(11, 2, 8, 10, NULL, NULL),
(12, 3, 8, 10, NULL, NULL),
(13, 1, 10, 11, NULL, NULL),
(14, 2, 10, 11, NULL, NULL),
(15, 3, 10, 11, NULL, NULL),
(16, 4, 10, 11, NULL, NULL),
(17, 5, 10, 11, NULL, NULL),
(18, 6, 10, 11, NULL, NULL),
(19, 7, 7, 11, NULL, NULL),
(20, 8, 6, 11, NULL, NULL),
(21, 1, 8, 28, NULL, NULL),
(22, 2, 8, 28, NULL, NULL),
(23, 3, 8, 28, NULL, NULL),
(24, 4, 8, 28, NULL, NULL);

-- --------------------------------------------------------
